book_name,public_info,rating_num,comment_num
数据结构与算法分析,维斯 / 冯舜玺 / 机械工业出版社 / 2004-1-1 / 35.00元,8.9,(1468人评价)
C Primer Plus,Stephen Prata、云巅工作室 / 云巅工作室 / 人民邮电出版社 / 2005-2-1 / 60.00元,9.1,(1557人评价)
C专家编程,Peter Van Der Linden / 徐波 / 人民邮电出版社 / 2008-2 / 45.00元,9.2,(1761人评价)
C语言编程：一本全面的C语言入门教程（第三版）,（美）Stephen Kochan / 张小潘 / 电子社博文视点资讯有限公司 / 2006年 / 59,8.7,(124人评价)
Unix/Linux编程实践教程,Bruce Molay、杨宗源、黄海涛 / 杨宗源、黄海涛 / 清华大学出版社 / 2004-10-1 / 56.00元,9.2,(332人评价)
C语言程序设计,K. N. King / 吕秀锋、黄倩 / 人民邮电出版社 / 2010-4 / 79.00元,9.3,(236人评价)
C陷阱与缺陷,凯尼格 / 高巍 / 人民邮电出版社 / 2008-2-1 / 30.00元,8.9,(1168人评价)
C语言入门经典,霍顿 (Ivor Horton) / 清华大学出版社 / 2008-4-1 / 69.80元,8.8,(215人评价)
C语言接口与实现,（美）David R.Hanson / 傅蓉、周鹏、张昆琪、权威 / 机械工业出版社 / 2004-1 / 35.00元,8.3,(124人评价)
UNIX网络编程,史蒂文斯、芬纳、鲁道夫 / 杨继张 / 清华大学出版社 / 2006-1 / 98.00元,9.4,(867人评价)
C程序设计语言,（美）Brian W. Kernighan、（美）Dennis M. Ritchie / 徐宝文、李志译、尤晋元审校 / 机械工业出版社 / 2004-1 / 30.00元,9.4,(3818人评价)
现代编译原理,(美)安佩尔 / 赵克佳、黄春、沈志宇 / 人民邮电出版社 / 2006-4 / 45.00元,8.5,(117人评价)
Linux程序设计,Neil Matthew、Richard Stones / 陈健、宋健建 / 人民邮电出版社 / 201005 / 99.00元,8.4,(294人评价)
C程序设计,谭浩强 / 清华大学出版社 / 2005-7-1 / 26.00元,7.1,(1398人评价)
算法精解,Kyle Loudon / 肖翔、陈舸 / 机械工业出版社 / 2012-8 / 79.00元,8.3,(104人评价)
明解C语言,柴田望洋 / 管杰、罗勇 / 人民邮电出版社 / 2013-5 / 59.00元,8.8,(75人评价)
C标准库,P. J. Plauger / 卢红星、徐明亮、霍建同 / 人民邮电出版社 / 2009-7 / 79.00元,8.7,(135人评价)
C语言的科学和艺术,罗伯茨 / 翁惠玉 / 机械工业出版社 / 2005-3 / 55.00元,8.6,(110人评价)
高效程序的奥秘,沃瑞恩 / 冯速 / 机械工业出版社 / 2004-5 / 28.00元,8.4,(199人评价)
C和指针,Kenneth A.Reek / 徐波 / 人民邮电出版社 / 2008 年4月 / 65.00元,9.0,(1136人评价)
LINUX系统编程,Robert Love / O'Reilly Taiwan公司 / 东南大学出版社 / 2009-7 / 56.00元,8.0,(90人评价)
高质量程序设计指南,林锐、韩永泉 / 电子工业 / 2007-5 / 39.80元,8.1,(443人评价)
程序设计抽象思想,Eric S.Roberts、闪四清 / 闪四清 / 清华大学出版社 / 2005-6 / 78.00元,8.9,(26人评价)
系统程序员成长计划,李先静 / 人民邮电出版社 / 2010-04 / 45.00,7.9,(225人评价)
啊哈C！思考快你一步,啊哈磊 / 电子工业出版社 / 2013-9 / 39.00元,8.1,(119人评价)
TCP/IP Sockets编程,（美）多纳霍，（美）卡尔弗特 / 清华大学出版社 / 2009-11-1 / 29.00元,7.7,(54人评价)
C语言名题精选百则技巧篇,冼镜光 / 机械工业出版社 / 2005-7 / 44.00元,9.0,(41人评价)
莱昂氏UNIX源代码分析,(澳)John Lions / 尤晋元 / 机械工业出版社 / 2000-7-1 / 49.00,8.8,(102人评价)
穆齐尔散文,（奥）穆齐尔、张荣昌（编选） / 吴晓樵、徐畅 / 人民文学出版社 / 2008-12-1 / 25.00元,8.4,(148人评价)
暗夜无星,斯蒂芬·金 / 徐海铭 / 上海文艺出版社 / 2013-8 / 32.00,8.5,(290人评价)
格蕾丝传：我就是时尚,［英］格蕾丝•柯丁顿 / 顾晨曦 / 浦睿文化·湖南人民出版社 / 2017-7 / 120.00元,7.8,(180人评价)
C语言参考手册(原书第5版),Samuel P.Harbison、Guy L.Steele / 邱仲潘 / 机械工业出版社 / 2004-2-1 / 39.00元,7.9,(34人评价)
21天学通C语言,Bradley L.Jones、Peter Aitken / 信达工作室 / 人民邮电出版社 / 2003-3-1 / 52.00元,8.5,(53人评价)
C++Primer Plus,Stephen Prata、孙建春、韦强 / 孙建春、韦强 / 人民邮电出版社 / 2005-5 / 72.00元,8.5,(576人评价)
你必须知道的495个C语言问题,Steve Summit / 孙云、朱群英 / 人民邮电出版社 / 2009-2 / 45.00元,8.2,(210人评价)
数据结构,霍罗威茨 / 机械工业出版社 / 2006-7-1 / 48.00元,8.0,(108人评价)
蜗耕集,张治 / 浙江大学出版社 / 2012-5 / 29.00元,8.6,(101人评价)
程序员的自我修养,俞甲子、石凡、潘爱民 / 电子工业出版社 / 2009-4 / 65.00,8.8,(1837人评价)
写给大家看的C语言书,佩里(Greg Perry) / 刘艳娟、谢晓钢 / 人民邮电出版社 / 2010-1-1 / 39.00元,8.1,(108人评价)
Effective Modern C++,Scott Meyers / O'Reilly Media / 2014-12 / USD 49.99,9.4,(134人评价)
深入理解Nginx,陶辉 / 机械工业出版社 / 2013-4-15 / 89.00元,8.5,(138人评价)
Linux程序设计,马修 / 陈健 / 人民邮电出版社 / 2007-7 / 89.00元,8.5,(345人评价)
捉虫日记,Tobias Klein / 张伸 / 人民邮电出版社 / 2012-9 / 39.00元,8.7,(53人评价)
数据结构（C语言版）,严蔚敏、吴伟民 / 清华大学出版社 / 2012-5 / 29.00元,7.1,(78人评价)
从问题到程序,裘宗燕 / 机械工业出版社 / 2005-9-1 / 36.00元,8.6,(53人评价)
C语言核心技术,Peter Prinz、Tony Crawford / O'Reilly TaiWan / 机械工业出版社 / 2007年 / 69.00元,8.5,(133人评价)
C程序设计语言,Clovis L.Tondo、SCOTT E.GIMPEL / 机械工业出版社 / 2004-1-1 / 15.00元,8.7,(119人评价)
C语言从入门到精通,王娣//韩旭 / 清华大学 / 2010-7 / 49.80元,8.2,(18人评价)
自制搜索引擎,[日]山田浩之、[日]末永匡 / 胡屹 / 人民邮电出版社 / 2016-1 / 39.00元,7.3,(12人评价)
深入理解计算机系统,Randal E.Bryant、David O'Hallaron / 龚奕利、雷迎春 / 中国电力出版社 / 2004-5-1 / 85.00元,9.5,(2508人评价)
嗨翻C语言,[美]David Griffiths、[美]Dawn Griffiths / 程亦超 / 人民邮电出版社 / 2013-9 / 99.00,9.3,(89人评价)
Foundations of Computer Science,Alfred V. Aho、Jeffrey D. Ullman / W. H. Freeman / 1994-10-15 / 118.6,7.7,(25人评价)
深入理解C指针,[美] Richard Reese / 陈晓亮 / 人民邮电出版社 / 2014-2 / 45.00,8.5,(54人评价)
The Linux Programming Interface,Michael Kerrisk / No Starch Press / April 2010 / $99.95,9.5,(138人评价)
黑暗之旅,王立杰 / 北京大学出版社 / 2010年01月 / 29.00元,7.9,(112人评价)
Object-Oriented Programming With ANSI-C,Axel-Tobias Schreiner / Hanser Fachbuch / 1994,8.4,(22人评价)
C算法（第二卷：图算法）（第3版）,塞德威克(Sedgewick Robert) / 周良忠 / 第1版 (2004年1月1日) / 2004-4 / 38.0,8.3,(27人评价)
Linux C编程一站式学习,宋劲杉 / 电子工业出版社 / 2009-12 / 60.00元,9.0,(546人评价)
征服C指针,前桥和弥 / 吴雅明 / 人民邮电出版社 / 2013-2 / 49.00元,8.1,(135人评价)
小武,贾樟柯、赵静（编） / 山东画报出版社 / 2010-03 / 24.00,8.6,(757人评价)
Build Your Own Lisp,Mr Daniel Holden / CreateSpace Independent Publishing Platform / 2014-10-22 / USD 49.99,8.2,(11人评价)
此生是我吗,刘苇 / 广西师范大学出版社 / 2014-4 / 36.00,8.4,(99人评价)
UNIX编程环境,Brian W.Kernighan、Rob Pike / 陈向群/等 / 机械工业出版社 / 1999-10-1 / 24.00,8.8,(232人评价)
色彩学,朱介英、朱介英 / 中国青年出版社 / 2004-5-1 / 58.00元,7.4,(53人评价)
以色列与启示,埃里克·沃格林 / 霍伟岸、叶颖 / 译林出版社 / 2010-1 / 48.00元,8.7,(46人评价)
C数值算法,(美国)普雷斯等著、傅祖芸等译 / 傅祖芸 / 电子工业出版社 / 2004-1 / 68.00,8.9,(20人评价)
已知的世界,[美] 爱德华·P. 琼斯 / 曹元勇、卢肖慧 / 上海文艺出版社 / 2010年8月 / 32.00元,8.6,(104人评价)
施拉德论施拉德,[英]凯文·杰克逊 编 / 黄渊 / 广西师范大学出版社 / 2008-4 / 35.00元,8.5,(161人评价)
任逍遥,贾樟柯、赵静（编） / 山东画报出版社 / 2010-03 / 26.00,8.2,(312人评价)
生活和文本中的社会学,李培林 / 生活·读书·新知三联书店 / 2013-1 / 38.00元,8.1,(31人评价)
代价论,郑也夫 / 三联书店 / 1995-04-01 / 9.00,8.5,(156人评价)
叙事的转向,彭刚 / 北京大学出版社 / 2009.9 / 25.00,8.2,(82人评价)
STL源码剖析,侯捷 / 华中科技大学出版社 / 2002-6 / 68.00元,8.6,(1138人评价)
C现代编程,[日] 花井志生 / 杨文轩 / 人民邮电出版社 / 2016-4 / 59.00元,7.9,(13人评价)
巴塔哥尼亚高原上,（英）布鲁斯·查特文 / 叶肖 译 / 南京大学出版社 / 2009-5 / 26.00元,7.4,(147人评价)
Redis设计与实现,黄健宏 / 机械工业出版社 / 2014-6 / 79.00,8.5,(435人评价)
可变目标C编译器,Christopher W. Fraser、David R. Hanson / 王挺 / 电子工业出版社 / 2005-1-1 / 43.00,8.6,(39人评价)
C语言解析教程(原书第4版),Al Kelley、Ira Pohl / 中国标准出版社 / 2002-1-1 / 48.00,7.5,(10人评价)
C语言点滴,赵岩 / 人民邮电出版社 / 2013-10-1 / 45.00元,7.5,(30人评价)
UNIX编程艺术,Eric S. Raymond / 姜宏、何源、蔡晓俊 / 电子工业出版社 / 2006-2 / 59.00元,9.1,(1995人评价)
长白秘闻之不咸灵迹,滕珊珊 / 东方出版社 / 2014-8 / 32.8,9.4,(923人评价)
C/C++深层探索,姚新颜 / 人民邮电出版社 / 2002-12 / 32.00元,8.2,(40人评价)
死海古卷概说,林主榮 (Timothy H. Lim) / 傅有德、唐茂琴 / 外语教学与研究出版社 / 2007-12 / 18.00元,7.3,(84人评价)
自白录,刘晓庆 / 中国电影出版社 / 2005-03 / 32.00,7.9,(27人评价)
C语言深度解剖,2010-7 / 29.00元,7.6,(109人评价)
这就是爵士,[美] 温顿·马萨利斯、[美] 杰夫瑞·C.沃尔德 / 程水英 / 南京大学出版社 / 2011-6-1 / 24.00元,7.7,(67人评价)
C程序设计教程,迪特尔 / 薛万鹏 / 机械工业出版社 / 2000-7-1 / 33.00元,8.7,(51人评价)
编程珠玑,Jon Bentley / 黄倩、钱丽艳 / 人民邮电出版社 / 2008-10 / 39.00元,9.1,(1802人评价)
风中玫瑰,帕姆•穆尼奥兹•瑞安 / 邹嘉容 / 吉林摄影出版社 / 2014-9 / 18.96,7.4,(12人评价)
Windows 程序设计：第5版,CharlesPetzold / 北京博彦科技发展有限公司 / 北京大学出版社 / 2003-11-1 / 160.00元,8.9,(602人评价)
尼采反卢梭,凯斯.安塞尔-皮尔逊 / 宗成河、孙磊、熊文驰 / 华夏出版社 / 2005年7月1日 / 29.00元,8.4,(78人评价)
我们人民,（美）阿克曼 / 孙文恺 / 法律出版社 / 2009-08-25 / 58.00元,7.6,(14人评价)
C安全编码标准,Robert C. Seacord / 徐波 / 机械工业出版社 / 2010-1 / 69.00元,8.1,(18人评价)
卡尔腾堡,[德] 马塞尔·巴耶尔 / 韩瑞祥 / 人民文学出版社 / 2010-12 / 25.00元,8.0,(24人评价)
C++程序设计原理与实践,（美）Bjarne Stroustrup / 王刚 等 / 机械工业出版社 / 2010.7 / 108.00元,8.9,(149人评价)
算法：C语言实现,塞奇威克 / 霍红卫 / 机械工业出版社 / 2009-10 / 79.00元,8.7,(164人评价)
UNIX系统编程,罗宾斯 / 陈涓 / 机械工业出版社 / 2005-5 / 78.00元,8.4,(64人评价)
论法学思维的三种模式,[德]卡尔·施密特 / 苏慧婕 / 中国法制出版社 / 2012-1 / 20.00元,7.7,(52人评价)
潘达雷昂上尉与劳军女郎,[秘] 马里奥·巴尔加斯·略萨 / 孙家孟 / 人民文学出版社 / 2009-12 / 20.00元,8.5,(570人评价)
永远的男孩女孩,(美)艾莉森·卢里 / 晏向阳 / 南京大学出版社 / 2008年10月 / 18.00,7.7,(134人评价)
签名收藏家,[英] 扎迪·史密斯 / 唐晓萌，於梅 / 上海译文出版社 / 2009-10 / 30.00元,7.1,(90人评价)
计算机图形学原理及实践:C语言描述(原书第2版) (平装),福利 / 唐泽圣 / 机械工业出版社 / 2004-3 / 95.0,7.4,(12人评价)
Debug Hacks中文版,吉岡弘隆、大和一洋、大岩尚宏、安部東洋、吉田俊輔 / 马晶慧 / 电子工业出版社 / 2011-8 / 69.00元,8.3,(115人评价)
编程精粹,Steve Maguire / 人民邮电出版社 / 2009.2 / 45.00元,9.1,(129人评价)
Learn C the Hard Way,Zed A. Shaw / Addison-Wesley Professional / 2015-4-30 / USD 39.99,8.2,(17人评价)
C语言解惑,Alan R.Feuer / 杨涛、王建桥 / 人民邮电出版社 / 2007 / 25.00元,7.3,(103人评价)
辛德勒名单,[澳大利亚]托马斯·肯尼利 / 冯涛 / 上海译文出版社 / 2009年3月 / 29.00元,8.9,(453人评价)
社会是如何可能的,[德] 齐美尔 / 林荣远 编译 / 广西师范大学出版社 / 2002-12 / 24.80元,8.4,(166人评价)
魔幻家族,大卫・戴 / 东方出版中心 / 2004-2 / 48.00元,8.0,(137人评价)
An Introduction to GCC,Brian J. Gough、Richard M. Stallman / Network Theory Ltd. / 2004-3-30 / USD 19.95,8.8,(96人评价)
深入理解LINUX网络内幕,Christian Benvenuti / 东南大学出版社 / 2006-5 / 98.00元,9.0,(93人评价)
政治观念史稿（卷二）：中世纪（至阿奎那）,沃格林 Eric Voegelin / 叶颖 / 华东师范大学出版社 / 2009-09 / 29.80,8.8,(45人评价)
半人半鱼之神,[美]詹姆斯·冈恩、郭建中（主编） / 北京大学出版社 / 2008-10 / 39.00元,8.5,(52人评价)
历史学家与电影,[法]德拉热、吉格诺 / 杨旭辉、王芳译 / 北京大学出版社 / 2008-6 / 34.00元,6.8,(36人评价)
二十世纪中国文学史,[德]顾彬 / 范劲 等 / 华东师范大学出版社 / 2008-09 / 58.00元,8.2,(192人评价)
30天自制操作系统,[日] 川合秀实 / 周自恒、李黎明、曾祥江、张文旭 / 人民邮电出版社 / 2012-8 / 99.00元,8.3,(249人评价)
古典音乐简单到不行！,（日）吉松隆 / 吴怡文 / 现代出版社 / 2008-01-01 / 23.00元,7.5,(335人评价)
明代政治史（上下）,张显清、林金树 / 广西师范大学出版社 / 2003-12 / 68.00元,7.7,(48人评价)
零基础学C语言,康莉//李宽 / 机械工业 / 2009-4 / 48.00元,7.7,(18人评价)
永远的和平,[美]乔·霍尔德曼 / 乐明 / 四川科学技术出版社 / 2007-5 / 21.00元,7.1,(133人评价)
坏种,[美]  威廉·马奇、William March / 姚向辉 / 上海译文出版社 / 2009-9 / 20.00元,7.9,(404人评价)
站台,贾樟柯、赵静（编） / 山东画报出版社 / 2010-03 / 29.00,8.3,(324人评价)
妙趣横生的算法,杨峰 / 清华大学出版社 / 2010-4 / 49.00元,7.5,(41人评价)
C++反汇编与逆向分析技术揭秘,钱林松、赵海旭 / 机械工业出版社华章公司 / 2011-10 / 69.00元,8.2,(78人评价)
大规模C++程序设计,John Lakos / 李师贤、明仲、曾新红、刘显明 等 / 中国电力出版社 / 2003.9 / 72.00,7.8,(116人评价)
Linux高性能服务器编程,游双 / 机械工业出版社 / 2013-5-1 / CNY 69.00,8.1,(118人评价)
代码大全（第2版）,[美] 史蒂夫·迈克康奈尔 / 金戈、汤凌、陈硕、张菲 译、裘宗燕 审校 / 电子工业出版社 / 2006-3 / 128.00元,9.3,(3327人评价)
没有约束的现代性,(美)沃格林 / 张新樟、刘景联 / 华东师范大学出版社 / 2007-4 / 24.80元,8.0,(136人评价)
缠足,高彦颐 / 苗延威 / 江苏人民出版社 / 2009-03-01 / 33.00,8.1,(195人评价)
行话,[美] 菲利普·罗斯 / 蒋道超 / 译林出版社 / 2010-2 / 25.00元,8.0,(154人评价)
一个女人,[匈牙利]  艾斯特哈兹•彼得 / 余泽民 / 上海人民出版社 / 2009-1 / 22.00,7.0,(231人评价)
文化与无政府状态,[英]马修·阿诺德 / 韩敏中 / 生活·读书·新知三联书店 / 2008-10 / 24.00元,8.4,(207人评价)
UNIX环境高级编程,W.Richard Stevens、Stephen A.Rago / 尤晋元、张亚英、戚正伟 / 人民邮电出版社 / 2006年 / 99.00元,9.4,(2090人评价)
马蒂斯,(俄罗斯)亚历山大·伊利切夫斯基 / 张俊翔 薛冉冉 刘彤 / 译林出版社 / 2009-6 / 25.00元,8.4,(25人评价)
测试驱动的嵌入式C语言开发,James W. Grenning / 尹哲 / 机械工业出版社 / 2012-1 / 49.00元,7.5,(22人评价)
UNIX操作系统设计,Maurice J.Bach / 陈葆珏 / 机械工业出版社 / 2000-4 / 35.00元,9.0,(144人评价)
操作系统设计与实现（上册）,Andrew S. Tanenbaum、Albert S. Woodhull / 陈渝、谌卫军 / 电子工业出版社 / 2007-3 / 49.80元,9.2,(192人评价)
阿巴拉岛,（美）克里夫・巴克 / 马爱农 / 接力出版社 / 2005-01 / 39.00,8.9,(211人评价)
21st Century C,Ben Klemens / O'Reilly Media / 2012-12 / USD 29.99,7.3,(29人评价)
在宪政舞台上：美国最高法院的历史轨迹,任东来 等 / 中国法制 / 2007-5 / 40.00元,8.3,(122人评价)
疯雅书中事,[美] 尼古拉斯·A. 巴斯贝恩 / 卢葳 / 生活·读书·新知三联书店 / 2010-11 / 26.00元,7.6,(140人评价)
电影和历史,马克·费罗 (Marc Ferro) / 北京大学出版社 / 2008-6-1 / 28.00元,7.4,(58人评价)
大河尽头 下卷,李永平 / 上海人民出版社 / 2012-3 / 36.00元,8.0,(178人评价)
古代与现代的争执,林国华、王恒 / 上海人民出版社 / 2009年04月 / 30.00元,8.1,(25人评价)
小提琴,安妮﹒赖斯 / 译林出版社 / 1999-12 / 15.20元,7.9,(50人评价)
C程序设计教程学习辅导,谭浩强 / 清华大学出版社 / 2007-10 / 28.00元,7.0,(11人评价)
C++ Concurrency in Action,Anthony Williams / Manning Publications / 2012-2-28 / USD 69.99,8.8,(113人评价)
教授与疯子,[英]西蒙·温切斯特 / 杨传纬 / 上海世纪出版集团 北京世纪文景 / 2009-8 / 22.00元,8.2,(423人评价)
赫尔佐格谈赫尔佐格,（英）保罗·克罗宁 / 钟轶南、黄渊 / 文汇出版社 / 2008-01-01 / 37.00元,9.3,(574人评价)
最高虚构笔记,（美）华莱士·史蒂文斯 / 陈东飚、张枣 / 华东师范大学出版社 / 2009-03 / 28.00元,8.4,(407人评价)
Inside SQLite,"Sibsankar Haldar / O'Reilly Media, Inc., / 2007",7.1,(11人评价)
女儿墙,翟永明 / 鹭江 / 2010-6 / 25.00元,7.6,(44人评价)
秦时明月-万里长城,溫世仁/原著、張華芝、黃小貓/文字改寫 / 明日工作室 / 2009-11-24,8.2,(71人评价)
戈达尔,(美)科林·麦凯布 / 韩玲、张晓丽、薛妍 / 新星出版社 / 2008-3 / 38.00,8.3,(321人评价)
中国古代文学中的同性恋书写研究,施晔 / 上海人民出版社 / 2008-12 / 46.00元,8.1,(213人评价)
C程序性能优化,片山善夫 / 何本华 居福国、居福国 / 人民邮电出版社 / 2013-1-1 / 29.00元,6.6,(23人评价)
梦与日记,Ewa Mazierska、Laura Rascaroli / 穆青、聂阳阳 / 上海人民出版社 / 2009 / 25.00元,7.7,(82人评价)
More Effective C++中文版,Scott meyers / 侯捷 / 中国电力出版社 / 2003-3 / 50.00元,8.9,(446人评价)
Advanced Linux Programming,CodeSourcery LLC、Mark L. Mitchell、Alex Samuel、Jeffrey Oldham / New Riders / 2001 / USD 45.00,8.3,(61人评价)
黑暗昭昭,(英)威廉·戈尔丁 / 张和龙 / 译林出版社 / 2009-5 / 26.00,7.4,(96人评价)
身体,哈尼夫·库雷西 / 卢肖慧 / 上海文艺出版社 / 2008年10月 / 21.00元,7.2,(177人评价)
冷记忆2,（法）让•波德里亚 / 张新木  王晶 / 南京大学出版社 / 2009年1月 / 14.00元,8.2,(528人评价)
应用密码学,Bruce Schneier / 吴世忠/等 / 机械工业出版社 / 2000-1-1 / 49.00元,8.9,(159人评价)
魔种,[英]奈保尔 / 吴其尧 / 上海译文出版社 / 2008-1 / 20.00元,7.8,(351人评价)
大进军,E.L.多克托罗、E.L.Doctorow / 邹海仑 / 人民文学出版社 / 2007年9月 / 32.00元,7.4,(120人评价)
太阳舞,[美]詹姆斯·冈恩、郭建中（主编） / 北京大学出版社 / 2008-10 / 47.00元,8.4,(61人评价)
C和C++安全编码,西科德 / 机械工业出版社 / 2010-1 / 45.00元,7.7,(21人评价)
How to Think Like a Scientist,Allen B. Downey / HarperCollins / 1987-3-27 / USD 16.89,7.6,(14人评价)
罗佛兰登,[英] 托尔金 / 龚志成 / 上海译文出版社 / 2006-10 / 22.00元,7.6,(179人评价)
挑战程序设计竞赛,秋叶拓哉、岩田阳一、北川宜稔 / 巫泽俊、庄俊元、李津羽 / 人民邮电出版社 / 2013-7-1 / CNY 79.00,9.1,(156人评价)
文化与社会,[英]雷蒙•威廉斯 / 高晓玲 / 吉林出版集团有限责任公司 / 2011-12 / 36.00元,8.8,(237人评价)
C++编程思想（第1卷）,[美] Bruce Eckel / 刘宗田、袁兆山、潘秋菱 / 机械工业出版社 / 2002-9 / 59.00元,8.3,(670人评价)
政治哲学史（全两册）,列奥·施特劳斯，约瑟夫·克罗波西 / 李天然 / 河北人民出版社 / 1993 / 46.9,8.6,(315人评价)
C++设计新思维,(美)Andrei Alexandrescu / 侯捷、於春景 / 华中科技大学出版社 / 2003-03 / 59.8,8.9,(309人评价)
牧歌,[古罗马] 维吉尔 / 杨宪益 / 上海人民出版社 / 2009 / 24.00,8.7,(327人评价)
从街角数起的第二棵树,"（美）怀特（White,E.B.） / 孙仲旭 / 上海译文出版社 / 2008-8 / 20.00元",7.9,(474人评价)
领事之子,[法]吕西安•博达尔（Lucien Bodard） / 王殿忠 / 上海人民出版社 / 2007-8-1 / 30.00,7.5,(29人评价)
物,(法) 佩雷克 / 龚觅 / 新星出版社 / 2010-2 / 20.00元,8.6,(454人评价)
社会学主要思潮,[法]雷蒙·阿隆 / 葛智强、王沪宁、胡秉诚 / 上海译文出版社 / 2005-7 / 49.00元,8.7,(334人评价)
红火星（全两册）,金•斯坦利•罗宾逊 / 王凌霄 / 华文出版社 / 2008-08 / 48.00元,7.7,(300人评价)
杰夫代特先生,（土耳其）奥尔罕·帕慕克 / 陈竹冰 / 上海人民出版社 / 2009-02-01 / 49.00,7.6,(201人评价)
UNIX网络编程 卷2,W.Richard Stevens / 人民邮电出版社 / 2009-11 / 89.00元,9.5,(133人评价)
灵魂深处的乐思,吕建强 / 生活·读书·新知三联书店 / 2009-6 / 25.00,8.0,(47人评价)
每况愈下,［英国］约翰·韦恩 / 吴宣豪 / 译林出版社 / 2009-2 / 25.00元,7.6,(164人评价)
太阳城,[意]康帕内拉 / 陈大维、黎思复、黎廷弼 / 商务印书馆 / 1960-4 / 13.00元,7.0,(378人评价)
POSIX多线程程序设计,[美] David R.Buten / 中国电力出版社 / 2003-1 / 39.00元,7.6,(87人评价)
中华人民共和国建国史研究1,杨奎松 / 江西人民出版社 / 2009-9 / 52.00元,8.9,(538人评价)
神秘列车,[美] 格雷尔·马库斯 / 姚向辉 / 南京大学出版社 / 2009-9-1 / 28.00元,8.1,(297人评价)
代码优化,（美）Kris Kaspersky / 谭明金 / 电子工业出版社 / 2004-10 / 48.00元,7.7,(65人评价)
自由国度,[英]奈保尔 / 刘新民，施荣根，徐畅 / 上海译文出版社 / 2008-5 / 20.00元,7.7,(440人评价)
遗传算法,王小平 / 西安交通大学出版社 / 2002-1 / 40.00元,7.4,(11人评价)
五四运动与现代中国,丁耘 编 / 上海人民出版社 / 2009-8 / 48.00元,7.3,(13人评价)
中国古代衣食住行,许嘉璐 / 北京出版社 / 2002-1 / 11.00元,8.2,(385人评价)
C++语言的设计和演化,[美] Bjarne Stroustrup / 裘宗燕 / 机械工业出版社 / 2002-1 / 48.00元,8.8,(382人评价)
Windows核心编程,Jeffrey Richter / 机械工业出版社 / 2000-5-1 / 86.00元,8.8,(458人评价)
布赖顿棒糖,[英] 格雷厄姆·格林 / 姚锦清、傅惟慈（校） / 上海译文出版社 / 2008-8 / 39.00,8.0,(476人评价)
奥德修纪,[古希腊] 荷马 / 杨宪益 / 上海译文出版社 / 2008-6 / 16.00元,8.6,(418人评价)
鲜花圣母,（法）让·热内 / 余中先 / 浙江文艺出版社 / 2006-8 / 20.00,7.5,(490人评价)
C语言教程,"(美)凯利,(美)波尔 / 机械工业出版社 / 2007-1 / 45.00元",8.5,(39人评价)
数据结构、算法与应用,（美）Sartaj Sahni / 汪诗林、孙晓东、等 / 机械工业出版社 / 2000-01 / 49.00,8.0,(56人评价)
扭曲的人性之材,[英] 以赛亚·伯林 / 岳秀坤 / 译林出版社 / 2009-1 / 22.00元,8.6,(375人评价)
人的宗教(修订版),休斯顿·史密斯 / 刘安云 / 海南出版社 / 2006-5 / 26.00,8.5,(474人评价)
大话数据结构,程杰 / 清华大学出版社 / 2011-6 / 59.00元,7.9,(862人评价)
GNU/Linux编程指南(第二版),"Kurt Wall,et al. / 张辉 / 清华大学出版社 / 2002-6-1 / 68.00元",7.4,(52人评价)
深渊里的求告,舍斯托夫 / 山东友谊出版社 / 2005-5 / 28.00元,8.0,(17人评价)
春雨,郑清文、几米 绘 / 詹宏志 / 河北教育出版社 / 2003 / 12.8元,8.4,(175人评价)
我与三联,王世襄 等 / 生活·读书·新知三联书店 / 2008-11 / 39.80元,7.6,(114人评价)
彼年豆蔻，谁许谁地老天荒,朱砂 / 江苏文艺出版社 / 2012-8 / 28.80元,8.1,(59人评价)
C嵌入式编程设计模式,道格拉斯 / 刘旭东 / 2012-4 / 69.00元,6.2,(15人评价)
Win32多线程程序设计,[美] Jim Beveridge、Robert Wiener / 侯捷 / 华中科技大学出版社 / 2002-1 / 59.80元,8.3,(221人评价)
杜拉斯的小音乐,黄荭 / 上海人民出版社 / 2014-10 / 25.00,7.3,(25人评价)
倾诉,厄休拉·勒奎恩 / 姚人杰 / 新星出版社 / 2007-6 / 25.00,7.5,(183人评价)
C语言进阶,牟海军 / 机械工业出版社 / 2012-7 / 59.00元,7.1,(14人评价)
女人，房子，一部小说,(德国)威廉·格纳齐诺 / 刘海宁 / 译林出版社 / 2009年1月 / 15.0,7.6,(518人评价)
程序设计导引及在线实践,李文新、郭炜、余华山 / 清华大学出版社 / 2007年11月 / 26.00元,7.4,(76人评价)
C程序设计伴侣,陈良乔 / 人民邮电出版社 / 2012-10 / 49.00元,5.8,(25人评价)
三世书（上下册）,骄凰 / 敦煌文艺 / 2010-7 / 39.00元,7.2,(25人评价)
藏书的乐趣,[德]乌尔夫·D·冯·卢修斯 / 陈瑛 / 生活·读书·新知三联书店 / 2008-5 / 34.00元,7.4,(323人评价)
Linux网络编程,宋敬彬、孙海滨 / 清华大学出版社 / 2010-1 / 79.00元,6.9,(50人评价)
看不见的大陆,（法）勒克莱齐奥 / 袁筱一 / 人民文学出版社 / 2009-1 / 16.00元,7.8,(702人评价)
GNU Make项目管理（第三版）,(美)Robert Mecklenburg / O'Reilly Taiwan / 东南大学出版社 / 2006-7 / 37.00,7.9,(98人评价)
鬼妈妈,（英）尼尔·盖曼 / 杨玲玲 / 少年儿童出版社 / 2005-7 / 10.0,8.2,(619人评价)
深度探索C++对象模型,[美] Stanley B. Lippman / 侯捷 / 华中科技大学出版社 / 2001-5 / 54.00元,9.1,(1350人评价)
GCC技术参考大全,Arthur Griffith、胡恩华 / 胡恩华 / 清华大学出版社 / 2004-7-1 / 59.00,6.8,(21人评价)
狂人C,键盘农夫 / 人民邮电出版社 / 2010-10 / 59.00元,7.8,(29人评价)
绿房子,[秘] 马里奥·巴尔加斯·略萨 / 孙家孟 / 人民文学出版社 / 2009-11 / 29.80元,8.2,(614人评价)
C++ Primer 中文版（第 4 版）,Stanley B.Lippman、Josée LaJoie、Barbara E.Moo / 李师贤、蒋爱军、梅晓勇、林瑛 / 人民邮电出版社 / 2006 / 99.00元,9.2,(4121人评价)
Exceptional C++中文版,萨特 (Sutter Herb) / 卓小涛 / 中国电力出版社 / 2003-3 / 35.00元,8.4,(124人评价)
德语课,(德)西格弗里德·伦茨 / 许昌菊 / 南海出版公司 / 2009-10 / 29.80元,8.0,(810人评价)
报道伊斯兰,爱德华·萨义德、Edward Said / 阎纪宇 / 上海译文出版社 / 2009-5 / 25.00元,7.9,(370人评价)
金羊毛,（加）罗伯特•J•索耶 / 四川科学技术出版社 / 2005-2 / 17.00元,8.0,(530人评价)
明智的孩子,（英）安吉拉·卡特（Angela Carter） / 严韵 / 南京大学出版社 / 2009年5月 / 26.00元,8.4,(648人评价)
浮世绘水浒传,[明]施耐庵著 / 万卷 / 2007-12 / 80.00元,8.1,(23人评价)
鲁格纳城堡,（美）皮尔斯·安东尼 / 张林、郭文 / 四川科学技术出版社 / 2005-09 / 22.0,8.2,(427人评价)
Visual C++ 技术内幕（第四版）,David J. Kruglinski / 潘爱民/王国印 / 清华大学出版社 / 1999-1 / 96.00元,8.1,(60人评价)
政治学说史（上卷）,[美] 乔治·萨拜因 著、[美] 托马斯·索尔森 修订 / 邓正来 / 上海人民出版社 / 2008-6 / 46.00元,9.0,(544人评价)
换位,（英）戴维·洛奇 / 张楠 / 上海译文出版社 / 2007-1 / 20.00,8.3,(639人评价)
血颂,(美)安妮·赖斯 / 严志军、郭萍萍 / 译林 / 2007-12-01 / 24.50元,7.2,(289人评价)
老得可以告别孤独,蔡澜 / 长江文艺出版社 / 2013-6 / 35.00元,7.9,(349人评价)
地海传奇Ⅲ,（美）厄休拉·勒奎恩 / 石永礼 / 人民文学出版社 / 2004-01 / 22.0,8.3,(290人评价)
异光,（英）特里·普拉切特 / 胡纾 / 四川科学技术出版社 / 2007-06 / 16.00元,8.9,(579人评价)
死神学徒,（英）特里·普拉切特 / 胡纾 / 四川科学技术出版社 / 2007-6 / 18.00元,8.5,(569人评价)
C/C++嵌入式系统编程,巴耳(Barr) / 于志宏 / 中国电力出版社 / 2001年3月1日 / 29.0,7.6,(48人评价)
地海传奇Ⅱ,（美）厄休拉·勒奎恩 / 姚翠丽 / 人民文学出版社 / 2004-03 / 29.00元,8.6,(396人评价)
布莱克伍德庄园,安妮·赖斯 / 董宇虹 / 译林出版社 / 2007年12月 / 32.00元,7.8,(422人评价)
三国史话,柳春藩 / 北京出版社 / 1981 / 0.82,7.5,(10人评价)
肉体窃贼,安妮·赖斯 / 冷杉 / 译林 / 2007-10 / 29.50元,8.1,(418人评价)
慢人,（南非）库切 / 邹海仑 / 浙江文艺出版社 / 2006-6 / 23.00元,7.7,(396人评价)
暗店街 夜巡,[法]莫狄阿诺 / 李玉民 / 上海三联书店 / 2008-4 / 20.00,8.0,(723人评价)
阅读的至乐,[英] 约翰·凯里 / 骆守怡 / 译林出版社 / 2009-3 / 18.00,7.7,(513人评价)
半暖：你的景色，我的流年,顾七兮 / 吉林出版集团有限责任公司 / 29.00,6.6,(42人评价)
太空堡垒·麦克罗斯传奇（全三卷）,[美] 杰克·麦金尼 / 王小龙、李毅、房俊民 / 四川科学技术出版社 / 2003-5 / 72.00元,8.2,(194人评价)
社会研究方法,艾尔·巴比 / 邱泽奇 / 华夏出版社 / 2005-1 / 68.00元,8.8,(797人评价)
沙丘之子,（美）弗兰克·赫伯特 / 张健光 / 四川科学技术出版社 / 2006-01 / 30.0,8.4,(886人评价)
星期六,[英] 伊恩·麦克尤恩 / 夏欣茁 / 作家出版社 / 2008-11 / 25.00元,8.1,(876人评价)
C++程序设计语言（特别版）,[美] Bjarne Stroustrup 贝尔实验室 / 裘宗燕 / 机械工业出版社 / 2002-7 / 85.00元,8.9,(878人评价)
精灵三部曲,（法）尚-路易·费德亚尔 / 谢蕙心 / 汕头大学出版社 / 2005-02 / 19.0,6.3,(92人评价)
C语言大全,赫伯特・希尔特 / 电子工业出版社 / 2001-9-1 / 48.00,7.3,(27人评价)
魔鬼三角与UFO,王逢振 金涛 编 / 海洋出版社 / 1980.1 / 1.40,8.5,(84人评价)
耻,（南非）J.M.库切 / 张冲、郭整风 / 译林出版社 / 2003-10 / 16.80,8.1,(2223人评价)
最后的守护人,（俄）谢尔盖·卢基扬年科 / 张俊翔、范洁清 / 人民文学出版社 / 2008-09 / 25.0,8.6,(678人评价)
音乐事情,网络与书编辑部 / 现代出版社 / 2005-05 / 38.00元,7.5,(350人评价)
小狼的心意,CLAMP / 胡楠 / 接力出版社 / 2003-1-1 / 7.80,8.8,(220人评价)
KYLOOE·忧郁的蜻蜓,门小雷 编绘 / 湖南美术出版社 / 2011-9 / 28.00元,9.3,(1041人评价)
格拉斯的烟斗,黄灿然 / 上海人民出版社 / 2009-1 / 25.00,7.5,(583人评价)
实用C语言编程,Steve Oualline / 郭大海 / 中国电力出版社 / 2000-05 / 49.00元,7.5,(14人评价)
趁生命气息逗留,(美)罗杰·泽拉兹尼 / 李克勤 等 / 四川科学技术出版社 / 2011-1 / 30.00元,8.9,(1028人评价)
小樱手上的伤痕,CLAMP / 接力出版社 / 2003-1-1 / 7.80,9.1,(89人评价)
火星编年史,（美）雷·布拉德伯里 / 陶雪蕾 / 四川科学技术出版社 / 2008-11 / 24.00元,8.8,(1240人评价)
潮汐站,迈克尔•斯万维克 / 陶雪蕾 / 四川科学技术出版社 / 2008-12 / 22.00元,6.6,(105人评价)
重力使命,哈尔·克莱蒙特 / 周玉佳 / 四川科学技术出版社 / 2006-8 / 15.00元,8.1,(711人评价)
劫梦惊魂,[美]斯蒂芬·金 / 刘国枝 / 上海译文出版社 / 2008年5月 / 35.00元,7.8,(423人评价)
现代操作系统（第3版）,Andrew S. Tanenbaum / 陈向群、马洪兵 / 机械工业出版社 / 2009-7 / 75.00元,8.9,(580人评价)
程序设计实践,[美] Brian W. Kernighan、Rob Pike / 裘宗燕 / 机械工业出版社 / 2000-8 / 20.00元,9.1,(442人评价)
世界战争大全,(美）乔治·C·科恩 / 乔俊山、许永仁、杨林庚 等 / 昆仑出版社（内部发行） / 1988-10 / 12.00,8.0,(11人评价)
Linux多线程服务端编程,陈硕 / 电子工业出版社 / 2013-1-15 / 89.00元,8.8,(337人评价)
C语言详解,Jeri R.Hanly、Elliot B.Koffman / 潘蓉、孟广兰、郑海红、万波 / 人民邮电出版社 / 2010-3 / 79.00元,7.5,(14人评价)
C Program Language,Kernighan、Ritchie / Prentice-Hall / 1999-10-01,7.9,(14人评价)
沙丘救世主,（美）弗兰克·赫伯特 / 苏益群 / 四川科学技术出版社 / 2006-01 / 18.0,8.3,(892人评价)
深入理解LINUX内核,Daniel P.Bovet、Marco Cesati / 东南大学出版社 / 2006-4-1 / 98.00元,9.0,(413人评价)
荆棘,[美]罗伯特·西尔弗伯格 / 曾平凤 / 四川科学技术出版社 / 2006-4 / 16.00元,7.3,(228人评价)
标准C程序设计,巴拉古路萨米 / 金名 / 2008-6 / 59.00元,7.8,(14人评价)
伍迪·艾伦与哲学,(美)马克·T.科纳尔//伊恩·J.斯考伯|译者:李宏宇 / 李宏宇 / 三联书店 / 2010-6 / 29.00元,7.9,(764人评价)
太空堡垒·新生一代（上下）,[美] 杰克·麦金尼 / 王小龙 / 四川科学技术出版社 / 2006-7 / 36.00元,7.9,(60人评价)
空间的诗学,[法] 加斯东·巴什拉 / 张逸婧 / 上海译文出版社 / 2009-1 / 27.00元,8.8,(591人评价)
飞越疯人院,[美] 肯·克西 / 胡红 / 重庆出版集团 / 2008-11 / 25.00元,8.8,(1366人评价)
四季,埃里克·侯麦 / 周嫄 / 上海人民出版社 / 2009-7 / 25.00元,8.3,(873人评价)
对话美国顶尖杂志总编,王栋 / 作家出版社 / 2008年1月 / 56.00元,7.8,(486人评价)
离魂,张大春 / 海豚出版社 / 2010-8 / 15.80元,8.4,(2084人评价)
我生命中的电影,[法] 弗朗索瓦·特吕弗 / 黄渊 / 上海译文出版社 / 2008-1 / 40.00元,8.2,(816人评价)
雪崩,（美）尼尔·斯蒂芬森 / 郭泽 / 四川科学技术出版社 / 2009年 / 38.00元,8.1,(947人评价)
心理测量学,郑日昌 / 人民教育出版社 / 1999-9-1 / 21.70元,6.7,(210人评价)
纳尼亚传奇：凯斯宾王子,[英]C.S.刘易斯 / 徐海燕、吴力新 / 译林出版社 / 2005-11 / 14.00元,7.9,(933人评价)
魔法之源,（美）皮尔斯·安东尼 / 织羽 / 四川科学技术出版社 / 2005-09 / 22.0,8.2,(845人评价)
深入体验C语言项目开发,薛小龙 / 清华大学 / 2011-7 / 48.00元,6.9,(12人评价)
吸血鬼女王,安妮·赖斯 / 姚霂也、熊裕 / 译林出版社 / 2007-10 / 29.50元,8.1,(649人评价)
日本传统艺术第4卷,田军 / 重庆 / 2002-1 / 75.00元,7.5,(29人评价)
没有我们的世界,（美）Alan Weisman 艾伦·韦斯曼 / 赵舒静 / 上海科学技术文献出版社 / 2007-9 / 38.00元,7.9,(850人评价)
太空堡垒·南十字军（上下）,[美] 杰克·麦金尼 / 王小龙 / 四川科学技术出版社 / 2004-7 / 38.00元,7.9,(91人评价)
Linux 0.01内核分析与操作系统设计,卢军 / 清华大学出版社 / 2004-10-1 / 32.00,5.9,(26人评价)
黑暗的左手,（美）厄休拉•勒古恩 / 陶雪蕾 / 四川科学技术出版社 / 2009年 / 22.00元,8.4,(1222人评价)
实战Linux Socket 编程,WarrenW.Gay译者：詹俊鹄/国别： / 西安电子科技大学出版社 / 2002-1-1 / 36.00元,7.4,(11人评价)
斯蒂芬·金恐怖小说集,[美] 斯蒂芬·金 / 珠海出版社 / 1997 / 20.00,7.7,(359人评价)
时光之轮1·世界之眼·下,（美）罗伯特·乔丹 / 李镭 / 万卷出版公司 / 2007-08 / 35.0,7.8,(272人评价)
OZ奥兹·狂欢,艾成歌 主编 / 人民文学出版社 / 2009-5 / 26.00,7.6,(744人评价)
Apache模块开发指南,[英] Nick Kew / 张立强、徐建明 / 电子工业出版社 / 2008-3 / 98.00元,7.1,(19人评价)
大转型,[英] 卡尔·波兰尼 / 刘阳、冯钢 / 浙江人民出版社 / 2007年5月 / 35.00,8.7,(686人评价)
独立日,[美] 迪恩·德夫林 / 郑世涛 / 光明日报出版社 / 1996-11 / 14.80,7.0,(68人评价)
Effective C++中文版,[美] Scott Meyers / 侯捷 / 华中科技大学出版社 / 2001-9 / 49.80元,9.1,(1295人评价)
纳尼亚传奇：魔法师的外甥,[英]C.S.刘易斯 / 米友梅 / 译林出版社 / 2005-11 / 13.00元,8.3,(816人评价)
城市与狗,（秘鲁）略萨 / 赵德明 / 上海译文出版社 / 2009年8月 / 36.00元,8.6,(1210人评价)
Linux C编程实战,童永清 / 人民邮电 / 2008-3 / 49.00元,7.3,(51人评价)
黑太阳,[美] 杰克·威廉森 / 李玲、陈宁 / 四川科学技术出版社 / 2002-10 / 25.00元,7.2,(389人评价)
断舍离（心灵篇）,【日】山下英子 / 王珊 / 广西科学技术出版社 / 2014-3-1 / 32.00元,7.1,(1066人评价)
黄昏使者,（俄）谢尔盖·卢基扬年科 / 吴健平 / 人民文学出版社 / 2008-01 / 27.0,8.6,(741人评价)
百变小樱魔法卡7.小樱卡的诞生,CLAMP / 接力出版社 / 2003-1-1 / 7.80,8.8,(112人评价)
指针的艺术,蔡明志 / 2009-10 / 59.80元,7.4,(14人评价)
平等权利,（英）特里·普拉切特 / 胡纾 / 四川科学技术出版社 / 2007-6 / 16.00元,8.3,(414人评价)
猫女的亲近关系计划（下）,墨舞碧歌 / 2012-10 / 18.90元,2.0,(19人评价)
剧院风情,[英] 萨默塞特·毛姆 / 俞亢咏 / 南京大学出版社 / 2008-2 / 22.00元,8.6,(1837人评价)
黑质三部曲·之二·魔法神刀,（英）菲利普·普尔曼 / 周倩 / 上海译文出版社 / 2006-04 / 22.0,7.9,(780人评价)
守日人,（俄）谢尔盖·卢基扬年科、（俄）符拉基米尔·瓦西里耶夫 / 杨可 / 人民文学出版社 / 2007-08 / 28.0,8.2,(1065人评价)
小津,[美] 唐纳德·里奇 / 连城 / 上海译文出版社 / 2009-4 / 32.00,8.3,(867人评价)
比你想像的更黑暗,杰克.威廉森 / 陈晓莹 / 四川科学技术出版社 / 2003-05-01 / 18.00,7.9,(666人评价)
纳尼亚传奇：黎明踏浪号,[英] C. S. 刘易斯 著、[英] 保利娜·贝恩斯 插图 / 陈良廷 / 译林出版社 / 2005-11 / 15.00元,8.3,(788人评价)
科魔大战,（美）罗杰·泽拉兹尼 / 成都时代出版社 / 2005-08 / 22.00元,6.0,(143人评价)
街角社会,[美] 威廉·富特·怀特 / 黄育馥 / 商务印书馆 / 1994-9-1 / CNY 35.00,8.6,(1135人评价)
被毁灭的人,（美）阿尔弗雷德·贝斯特 / 赵海虹 / 四川科学技术出版社 / 2004-1-1 / 16.00元,8.0,(1387人评价)
Objective-C基础教程,Mark Dalrymple、Scott Knaster / 高朝勤、杨越、刘霞 / 人民邮电出版社 / 2009-8 / 49.00元,7.3,(534人评价)
数据结构,严蔚敏、吴伟民 / 清华大学出版社 / 2007-3-1 / 30.0,7.1,(1184人评价)
网民的狂欢,[美] 安德鲁·基恩 / 丁德良 / 南海出版公司 / 2010-3 / 25.00元,6.9,(770人评价)
Learn C on the Mac (Learn Series),Dave Mark / Apress / 2008-12-08 / USD 39.99,7.8,(22人评价)
公主之死,李贞德 / 三联书店 / 2008-6 / 12.00元,7.8,(1397人评价)
反物质飞船,[美] 杰克·威廉森 / 陈喜荣、曾艳、李毅 / 四川科学技术出版社 / 2002-10 / 15.00元,7.7,(597人评价)
中国城池史,张驭寰 / 百花文艺出版社 / 2003-05-01 / 29.60元,6.5,(62人评价)
别的声音，别的房间,[美] 杜鲁门·卡波特 / 李践、陈星 / 南京大学出版社 / 2011-2 / 26.00元,8.0,(1740人评价)
星际归途,海因莱因 / 陈喜荣 / 四川科学技术出版社 / 2006 / 17.00元,7.1,(171人评价)
UNIX网络编程卷2,Stevens / (影印版) (2002年1月1日) / 2002-4 / 47.0,8.3,(28人评价)
计算机程序的构造和解释,Harold Abelson、Gerald Jay Sussman、Julie Sussman / 裘宗燕 / 机械工业出版社 / 2004-2 / 45.00元,9.5,(1802人评价)
黑质三部曲·之一·黄金罗盘,（英）菲利普·普尔曼 / 周景兴 / 上海译文出版社 / 2006-04 / 21.0,7.9,(1190人评价)
时间回旋,[加] 罗伯特·查尔斯·威尔森 / 陈宗琛 / 新星出版社 / 2008-4 / 29.00元,8.4,(2982人评价)
C程序设计题解与上机指导,谭浩强 / 清华大学出版社 / 2005-7-1 / 21.0,7.2,(69人评价)
解体概要,[法] 萧沆 / 宋刚 / 浙江大学出版社 / 2010-9 / 35.00元,8.9,(1185人评价)
纳尼亚传奇：最后一战,[英]C.S.刘易斯 / 吴岩 / 译林出版社 / 2005-11 / 14.00元,8.2,(635人评价)
银河系公民,(美)罗伯特﹒海因莱因 / 王泰祥 / 四川科学技术出版社 / 2005-6 / 18.00元,8.0,(1303人评价)
亲密行为,德斯蒙德·莫利斯 / 何道宽 / 复旦大学出版社 / 2010-3 / 30.00元,8.3,(1514人评价)
宾克的魔法,（美）皮尔斯·安东尼 / 李克勤 / 四川科学技术出版社 / 2005-09 / 22.0,8.5,(1513人评价)
动物寓言集,[阿根廷] 胡利奥·科塔萨尔 / 李静 / 人民文学出版社 / 2011-4 / 16.00元,8.3,(1606人评价)
薛仁贵征西,单田芳、王莹 / 中原农民出版社 / 1986 / 2.60元,7.5,(13人评价)
一朵桃花倾城开,顾七兮 / 光明日报出版社 / 2013-9 / 28元,4.9,(25人评价)
从缺陷中学习C/C++,人民邮电出版社 / 2013-9-1,6.7,(17人评价)
UML+OOPC嵌入式C语言开发精讲,高焕堂 / 电子工业出版社 / 2008-9 / 68.00元,7.4,(12人评价)
妖魔古墓,[俄]瓦西里·戈洛瓦切夫、叶·古里亚柯夫斯基 / 李志民 / 四川科学技术出版社 / 2004-4 / 22.00元,6.6,(96人评价)
遥远的乡愁,重返61号公路 / 新星出版社 / 2007-9 / 28.00元,8.1,(1230人评价)
Linux C函数库详解词典,徐千洋 / 机械工业 / 2008-1 / 39.00元,7.7,(19人评价)
到灯塔去,(英)弗吉尼亚·伍尔夫 / 瞿世镜 / 上海译文出版社 / 2009-1-1 / 22.00,8.6,(3375人评价)
数据结构题集,严蔚敏、吴伟民 / 清华大学出版社 / 1999-2-1 / 19.00元,6.1,(37人评价)
Python源码剖析,陈儒 / 电子工业出版社 / 2008-6 / 69.80元,8.7,(658人评价)
C程序设计 软件工程环境,Forouzan B.A.、Gilberg R.F. / 黄林鹏、伍建焜、徐小辉 / 机械工业出版社 / 2008-6 / 89.00元,7.8,(10人评价)
宝石胸针·百变小樱魔法卡,CLAMP / 徐文波 / 接力出版社 / 2003-1-1 / 7.8,8.9,(105人评价)
我的家在西双版纳,猪乐桃 / 重庆出版社 / 2007-10 / 22.0,8.6,(1748人评价)
Linux C程序设计大全,吴岳 / 清华大学 / 2009-2 / 89.00元,5.2,(22人评价)
给曾祖父的礼物·百变小樱魔法卡,CLAMP / 刘娜 / 接力出版社 / 2003-1-1 / 7.8,8.9,(116人评价)
不必读书目,刀尔登 / 山西人民出版社 / 2012-2-1 / 25.00元,7.4,(1651人评价)
程序设计教程,陈家骏 / 机械工业出版社 / 2005-2 / 32.00元,8.1,(30人评价)
乡土中国 生育制度,费孝通 / 北京大学出版社 / 1998-5-1 / 26.00元,9.3,(3426人评价)
瓦伦丁君王的城堡（上下）,罗伯特·西尔弗伯格 / 成都时代出版社 / 2005-8 / 48.00元,6.9,(29人评价)
伟大的电影,罗杰·伊伯特 / 殷宴、周博群 / 广西师范大学出版社 / 2012-5 / 68.00元,8.8,(1335人评价)
0 bug,肖舸 / 2010-1 / 68.00元,3.6,(121人评价)
科幻爱好者手册,周孟璞 / 四川辞书出版社 / 2000-04 / 22.00,7.2,(45人评价)
杰姆星JEM,弗雷德里克・波尔 / 王荣生、秦月 / 四川科学技术出版社 / 1999-8 / 25.00元,7.2,(38人评价)
我看见声音,王晓书 / 浙江人民出版社 / 2003-10-1 / 19.00,6.8,(28人评价)
精灵宝钻,托尔金 / 李尧 / 译林出版社 / 2004-05 / 21.3,8.5,(1951人评价)
邮递员搜奇簿,小妞不吃燕麦粥 / 九州出版社 / 2015-4-1 / 32.80,7.0,(21人评价)
美国最佳科幻小说年度选 第20辑（上、下）,[美]加德纳·多佐伊斯 / 四川出版集团 / 2005-3 / 56,7.4,(55人评价)
C语言范例开发大全,2010-6 / 89.00元,7.5,(11人评价)
"Art across Time, Volume 2, w/ Art CD-ROM",Laurie Schneider Adams / McGraw-Hill Humanities/Social Sciences/Languages / 2001-08-08 / USD 70.94,7.8,(19人评价)
炒股的智慧,陈江挺 / 经济科学出版社 / 2004-1 / 22.00元,8.9,(2020人评价)
陈丹青音乐笔记,陈丹青 / 上海音乐出版社 / 2002-3 / 25.00元,7.8,(2209人评价)
Python基础教程,Magnus Lie Hetland / 司维、曾军崴、谭颖华 / 人民邮电出版社 / 2010年7月 / 69.00元,8.0,(1553人评价)
Linux环境下C编程指南,杨树青 / 清华大学出版社 / 2007-5 / 42.00元,5.7,(49人评价)
沙丘,[美] 弗兰克·赫伯特 / 顾备 / 四川科学技术出版社 / 2006-01 / 42.00元,8.7,(3030人评价)
武士道,(日)新渡户稻造 / 张俊彦 / 商务印书馆 / 1993年2月 / 7.00,7.8,(2328人评价)
星云Ⅴ：格兰格尔5号,吴弼川 / 四川科学技术出版社 / 2006-11 / 15.00元,7.2,(524人评价)
"C How to Program, Fifth Edition",Paul J. Deitel、Harvey M. Deitel / Prentice Hall / 2006-09-04 / USD 118.00,7.8,(11人评价)
深河,远藤周作 / 林水福 / 南海出版公司 / 2009-7-1 / 25.00元,8.6,(2899人评价)
电影艺术（插图第8版）,[美] 大卫·波德维尔、克里斯汀·汤普森 / 曾伟祯 / 世界图书出版公司 / 2008-10 / 78.00元,8.9,(2188人评价)
C语言入门很简单,马磊 / 清华大学出版社 / 2012-6 / 49.00元,6.8,(10人评价)
落脚城市,(加拿大)道格·桑德斯 / 陈信宏 / 上海译文出版社 / 2012-2 / 35.00元,8.4,(1480人评价)
C#程序设计,Jesse Liberty / 刘基诚 / 中国电力出版社 / 2002-4 / 75.00元,7.6,(23人评价)
我和我的影子,张之路 / 浙江少年儿童出版社 / 2002年10月 / 7.50元,8.2,(59人评价)
掉线-星云VI,拉拉 / 四川科学技术出版社 / 2007-8 / 15.00元,7.4,(833人评价)
社会学的想像力,（美）米尔斯 / 陈强、张永强 / 生活·读书·新知三联书店 / 2005-03 / 18.00元,8.6,(1814人评价)
C语言详解,[美]JeriR.Hanly、Elliot Koffman / 万波、潘蓉、郑海红 / 人民邮电出版社 / 2007-11-1 / 69.00元,7.6,(14人评价)
格林童话故事全集.秋,格林 / 徐珞 / 第1版 (2005年12月1日) / 2004-11 / 21.8,8.2,(17人评价)
手机,（美）斯蒂芬·金 / 夏菁 / 上海译文出版社 / 2007-01 / 26.00元,6.8,(1650人评价)
救世主,BENJAMIN / 人民文学出版社 / 2007-5 / 21.00元,7.7,(1874人评价)
梦里人6,姚非拉 / 接力出版社 / 2006-01-01 / RMB 9.8,8.8,(395人评价)
斜阳,（日）太宰治 / 杨伟、张嘉林 / 重庆出版社 / 2008-10 / 23.80元,8.6,(4723人评价)
计算中的上帝,(加拿大)罗伯特﹒J﹒索耶 / 张建光 / 四川科学技术出版社 / 2003-09-01 / 18.00元,8.3,(3742人评价)
人变火星人,弗雷德里克・波尔 / 蓝天 / 四川科学技术出版社 / 1999-8 / 18.00,6.6,(37人评价)
沉睡的谋杀案,[英]阿加莎·克里斯蒂 / 张建平 / 人民文学出版社 / 2007-8 / 17.00元,7.6,(1953人评价)
绝杀,朱古力 / 春风文艺出版社 / 2006-4 / 22.00元,7.7,(841人评价)
21天学通C语言,王正仲 / 电子工业出版社 / 2009-1 / 49.80元,7.6,(13人评价)
2005年中国奇幻文学精选,胡晓晖等编选 / 长江文艺出版社 / 2006-1 / 36.00元,6.9,(23人评价)
这辈子难道就这样吗,周语 编 / 2010-10 / 25.00元,6.1,(24人评价)
自杀论,[法] 埃米尔·迪尔凯姆 / 冯韵文 / 商务印书馆 / 1996-12 / 27.00元,8.3,(2452人评价)
纳拉贝拉星际演出公司,弗雷德里克・波尔 / 仲仁 / 四川科学技术出版社 / 1999 / 26.0,6.3,(26人评价)
想象的共同体,本尼迪克特·安德森 / 吴叡人 / 上海人民出版社 / 2005-4 / 24.00,8.8,(2427人评价)
Linux环境C程序设计,徐诚、高莹婷 / 清华大学出版社 / 2010-1 / 69.00元,6.6,(18人评价)
品悟C,薛非 / 2012-10 / 69.00元,2.8,(152人评价)
编码的奥秘,Charles Petzold / 伍卫国、王宣政、孙燕妮 / 机械工业出版社 / 2000-9-1 / 24.00,9.3,(1225人评价)
梦里人2,姚非拉 / 接力出版社 / 2006-1 / 9.80元,8.7,(441人评价)
假面自白,[日] 三岛由纪夫 / 唐月梅 / 上海译文出版社 / 2009-1 / 18.00,8.4,(4068人评价)
这些道理没有人告诉过你,杨萃先 / 群言出版社 / 2007-9 / 32.00元,8.0,(2517人评价)
隐之书,[英] A·S·拜雅特 / 于冬梅、宋瑛堂 / 南海出版公司 / 2008-5 / 29.80,7.5,(2885人评价)
裸猿,德斯蒙德·莫利斯 / 何道宽 / 复旦大学出版社 / 2010-3 / 30.00元,8.6,(2908人评价)
梦里人5,姚非拉 / 接力出版社 / 2006-01-01 / 9.80元,8.8,(380人评价)
梁实秋散文精选,梁实秋 / 浙江文艺出版社 / 2004-6 / 10.00元,8.7,(25人评价)
星云III-基因战争,DHEW等 / 四川科学技术出版社 / 2006-2 / 15.00元,7.3,(931人评价)
沉默的证人,（英）阿加莎·克里斯蒂 / 韩英鑫、吕方 / 人民文学出版社 / 2008-01 / 25.00元,7.5,(2331人评价)
梦里人3,姚非拉 / 接力出版社 / 2006-01-01 / 9.8,8.7,(386人评价)
梦里人4,姚非拉 / 接力出版社 / 2006-01-01 / 9.80元,8.8,(372人评价)
邪恶催眠师,周浩晖 / 同心出版社 / 2013-6-25 / 32.00元,7.2,(2332人评价)
搏击俱乐部,[美] 恰克·帕拉尼克 / 冯涛 / 上海人民出版社 / 2009-7 / 24.00元,8.7,(5459人评价)
精通UNIX下C语言编程与项目实践,朱云翔 / 电子工业 / 2007-12 / 48.80元,7.0,(20人评价)
格调,保罗.福塞尔(美) / 梁丽真、乐涛、石涛 / 中国社会科学出版社 / 1998-12 / 18.00,7.7,(4321人评价)
我的帝王生涯,苏童 / 上海文艺出版社 / 2005-12 / 16.00元,8.2,(6437人评价)
星云IV-深瞳,陈楸帆、七月、飞氘 / 四川科学技术出版社 / 2006-9 / 15.00元,6.8,(861人评价)
流动的盛宴,[美] 海明威 / 汤永宽 / 上海译文出版社 / 2009-1 / 28.00,8.3,(4073人评价)
童年的消逝,[美] 尼尔・波兹曼 / 吴燕莛 / 广西师范大学出版社 / 2011-6 / 29.80元,8.4,(3488人评价)
诗翁彼豆故事集,[英] J. K. 罗琳 / 马爱农 / 人民文学出版社 / 2008-12 / 18.00元,8.0,(4492人评价)
雷蒙德·卡佛短篇小说自选集,[美] 雷蒙德·卡佛 / 汤伟 / 人民文学出版社 / 2009-9 / 29.80,8.6,(4383人评价)
红胶囊的悲伤1号,红胶囊 / 知识出版社 / 2003-9 / 16.8,8.0,(64人评价)
蚁族,廉思 / 广西师范大学出版社 / 2009-9 / 29.00元,7.8,(4991人评价)
雕刻时光,[苏] 安德烈·塔可夫斯基 / 陈丽贵、李泳泉 / 人民文学出版社 / 2003-08 / 25.00元,9.0,(3914人评价)
天真的人类学家,[英] 奈吉尔·巴利 / 何颖怡 / 广西师范大学出版社 / 2011-7 / 35.00元,8.9,(4037人评价)
规训与惩罚,[法] 米歇尔·福柯 / 刘北成、杨远婴 / 生活·读书·新知三联书店 / 2003-1 / 21.80元,9.1,(3300人评价)
八十年代访谈录,查建英 主编 / 生活·读书·新知三联书店 / 2006-5 / 38.00元,8.1,(7105人评价)
TURBO C 实用大全,"徐科 / 
       / 2000-2 / 42.00元",7.4,(11人评价)
初夏荷花时期的爱情,朱天心 / 上海人民出版社 / 2010年8月 / 26.00元,7.7,(4622人评价)
C程序设计思想与方法,尹宝林 / 2009-1 / 36.00元,7.6,(15人评价)
江村经济,费孝通 / 商务印书馆 / 2001-3 / 26.00元,9.0,(3283人评价)
藏书室女尸之谜,[英] 阿加莎·克里斯蒂(Agatha Christie) / 任林静 / 人民文学出版社 / 2007-04 / 17.00元,7.3,(3055人评价)
草房子,曹文轩 / 江苏少年儿童出版社 / 2009-6 / 18.00元,9.0,(7655人评价)
泪空,颜岸 / 海天出版社 / 2009-5 / 25.00元,6.6,(29人评价)
岩洞试胆比赛,CLAMP / 赵瑾 / 接力出版社 / 2003-1-1 / 7.80,9.0,(94人评价)
我的路5,寂地 / 黑龙江美术出版社 / 2009-08-01 / 25.00元,8.8,(7701人评价)
沧浪之水,阎真 / 人民文学出版社 / 2001-10 / 26.00元,8.5,(10102人评价)
长腿叔叔,[美] 简·韦伯斯特 / 艾柯 / 华文出版社 / 2002-1 / 19.80元,8.5,(7667人评价)
超合金社团（1、2）,LING、风息神泪 / 黑龙江美术出版社 / 2007-03-01 / 12.8,8.9,(2770人评价)
纽约琐记（修订版）,陈丹青 / 广西师范大学出版社 / 2007-11 / 48.00元,8.3,(5362人评价)
一万小时天才理论,[美] 丹尼尔·科伊尔 / 张科丽 / 中国人民大学出版社 / 2010-2 / 32.00元,7.4,(4112人评价)
C指针编程之道,2011-6 / 55.00元,6.8,(13人评价)
红胶囊的悲伤2号,红胶瓤  绘/文 / 知识出版社 / 2003-9 / 18.80元,8.2,(64人评价)
女人梦,杨二车娜姆 / 中国青年出版社 / 2002-9-1 / 19.00元,6.6,(45人评价)
前汉演义（下册）,蔡东藩 / 上海文化出版社 / 1979-7 / 1.30元,7.7,(41人评价)
退步集续编,陈丹青 / 广西师范大学出版社 / 2007-4 / 36.00元,8.2,(5331人评价)
魔法激战,CLAMP / 赵瑾 / 接力出版社 / 2003-1 / 7.80元,9.2,(58人评价)
红颜乱,朵朵舞 / 河南文艺出版社 / 2006-12-01 / 25.00元,7.3,(6777人评价)
四大元素卡,CLAMP / 赵谨 / 接力出版社 / 2003-1-1 / 7.8,9.2,(46人评价)
无敌咒语,CLAMP / 赵谨 / 接力出版社 / 2003-1-1 / 7.8,9.0,(52人评价)
C语言参悟之旅,2010-3 / 49.00元,7.0,(11人评价)
精通Matlab与C/C++混合程序设计,刘维 / 北京航空航天大学 / 2008-1 / 39.00元,6.6,(11人评价)
犬夜叉01,高橋留美子 / 田家 / 青文 / 2004.05 / 80元,8.2,(9180人评价)
城市猎人,[日] 北条司 / 内蒙古人民出版社 / 2005 / 6.90,8.6,(9091人评价)
C程序设计题解与上机指导,谭浩强 / 清华大学 / 2000-9-1 / 19.50元,6.3,(52人评价)
杜拉拉3,李可 / 江苏文艺出版社 / 2010-5 / 29.80元,7.5,(10003人评价)
镜·神寂,沧月 / 天津人民出版社 / 2007-8 / 25.00元,8.6,(9153人评价)
中国古典名著译注丛书,广州出版社 / 2001-07 / 114.00元(全12册),8.5,(25人评价)
梦中的大鸟,CLAMP / 胡楠 / 接力出版社 / 2003-1-1 / 7.80,9.2,(52人评价)
C语言大学实用教程,苏小红，陈惠鹏， / 电子工业出版社 / 2007-2 / 33.00元,7.6,(24人评价)
斯泰尔斯庄园奇案,[英] 阿加莎·克里斯蒂 / 丁大刚 / 人民文学出版社 / 2006-11 / 17.00元,7.9,(7275人评价)
草样年华Ⅱ,孙睿 / 长江文艺出版社 / 2005-9 / 18.00元,7.2,(8927人评价)
奇怪的门,CLAMP / 赵谨 / 接力出版社 / 2003-1-1 / 7.8,9.0,(43人评价)
Linux高级程序设计,2009-10 / 49.00元,6.9,(19人评价)
观月老师,CLAMP / 孟颖 / 接力出版社 / 2003-1 / 7.80元,9.0,(55人评价)
西太后的一生,何泽福、陆汉椿 吴名贵 / 少年儿童出版社 / 1980-08-01 / 0.35,7.1,(10人评价)
走进夜晚,叶兆言 / 春风文艺出版社 / 1997-10-01 / 17.98,6.2,(37人评价)
替身,[法] M·A·雷让 / 朱福铮 / 科学普及出版社 / 1996-1 / 5.00元,6.7,(13人评价)